Timestamp,ai1,Runtime,v,U_br^2/Ts-Tf
2025:11:25:10:41:06.9509,4.369285848927102,0.03606891632080078,33.416275946858704,0.04425118715638083
2025:11:25:10:41:06.9781,4.366326670294494,0.0632023811340332,33.362689803622175,0.0442256696862903
2025:11:25:10:41:07.0022,4.374217813321033,0.08736896514892578,33.505731934782446,0.04429373262759291
2025:11:25:10:41:07.0276,4.370929837057542,0.11269855499267578,33.44607435749415,0.044265366708674474
2025:11:25:10:41:07.0526,4.37323142044162,0.13767433166503906,33.48782615249026,0.044285221897911016
2025:11:25:10:41:07.0766,4.368957051301116,0.16173362731933594,33.41031869372935,0.04424835151849532
2025:11:25:10:41:07.0994,4.374546610947573,0.18451857566833496,33.51170215023174,0.04429656971920235
2025:11:25:10:41:07.1232,4.376848194334333,0.20836091041564941,33.55351636528533,0.044316431904485545
2025:11:25:10:41:07.1509,4.374217813321033,0.23598527908325195,33.505731934782446,0.04429373262759291
2025:11:25:10:41:07.1780,4.365011479792015,0.2631368637084961,33.338894773779586,0.04421433095077371
2025:11:25:10:41:07.2027,4.369943444179173,0.28786492347717285,33.428192881882076,0.04425685870472503
2025:11:25:10:41:07.2277,4.365340277417583,0.31282734870910645,33.34484231821648,0.04421716549836625
2025:11:25:10:41:07.2527,4.370601039431384,0.33782196044921875,33.440113055776315,0.04426253061650025
2025:11:25:10:41:07.2765,4.372573825188852,0.36162495613098145,33.47589301689815,0.044279548532411846
2025:11:25:10:41:07.2990,4.379478575349866,0.3841395378112793,33.601352722175136,0.04433913699627415
2025:11:25:10:41:07.3225,4.376519396707549,0.4075765609741211,33.54754047256472,0.04431359417687184
2025:11:25:10:41:07.3471,4.3807937658584715,0.4321928024291992,33.625290385459884,0.04435049172275446
2025:11:25:10:41:07.3730,4.365340277417583,0.4580817222595215,33.34484231821648,0.04421716549836625
2025:11:25:10:41:07.4051,4.366984265545941,0.49022722244262695,33.37459217141473,0.044231339599195084
2025:11:25:10:41:07.4339,4.381780158740292,0.5190343856811523,33.64325216162563,0.04435900872162106
2025:11:25:10:41:07.4622,4.370929837057542,0.5473155975341797,33.44607435749415,0.044265366708674474
2025:11:25:10:41:07.4902,4.372902622815219,0.5752913951873779,33.481859179485745,0.044282385169732555
2025:11:25:10:41:07.5230,4.373560218068056,0.6080834865570068,33.49379393598939,0.04428805871694723
2025:11:25:10:41:07.5507,4.373560218068056,0.6357905864715576,33.49379393598939,0.04428805871694723
2025:11:25:10:41:07.5760,4.374546610947573,0.6610817909240723,33.51170215023174,0.04429656971920235
2025:11:25:10:41:07.6034,4.371587432309962,0.6885175704956055,33.45799939085972,0.044271039165596174
2025:11:25:10:41:07.6298,4.37323142044162,0.7149388790130615,33.48782615249026,0.044285221897911016
2025:11:25:10:41:07.6609,4.372902622815219,0.7460219860076904,33.481859179485745,0.044282385169732555
2025:11:25:10:41:07.6860,4.37849218246878,0.7711083889007568,33.583408000690426,0.0443306219054203
2025:11:25:10:41:07.7113,4.363367491664695,0.7964427471160889,33.309169178340895,0.04420015957567726
2025:11:25:10:41:07.7357,4.363367491664695,0.8208684921264648,33.309169178340895,0.04420015957567726
2025:11:25:10:41:07.7588,4.374546610947573,0.8438851833343506,33.51170215023174,0.04429656971920235
2025:11:25:10:41:07.7851,4.371587432309962,0.8702521324157715,33.45799939085972,0.044271039165596174
2025:11:25:10:41:07.8114,4.367313063171718,0.8965089321136475,33.380544568800495,0.044234174691934094
2025:11:25:10:41:07.8381,4.37849218246878,0.9232277870178223,33.583408000690426,0.0443306219054203
2025:11:25:10:41:07.8650,4.370601039431384,0.950078010559082,33.440113055776315,0.04426253061650025
2025:11:25:10:41:07.8912,4.373560218068056,0.9763538837432861,33.49379393598939,0.04428805871694723
2025:11:25:10:41:07.9178,4.372902622815219,1.002932071685791,33.481859179485745,0.044282385169732555
2025:11:25:10:41:07.9471,4.371587432309962,1.0322480201721191,33.45799939085972,0.044271039165596174
2025:11:25:10:41:07.9771,4.376848194334333,1.0621941089630127,33.55351636528533,0.044316431904485545
2025:11:25:10:41:08.0080,4.377176991961153,1.0930852890014648,33.55949306935573,0.044319269722957
2025:11:25:10:41:08.0392,4.373889015694528,1.124314546585083,33.49976253006089,0.0442908956268412
2025:11:25:10:41:08.0688,4.375204206200759,1.1539084911346436,33.52364501362474,0.044302244174994516
2025:11:25:10:41:08.1011,4.376519396707549,1.186173439025879,33.54754047256472,0.04431359417687184
2025:11:25:10:41:08.1272,4.370601039431384,1.2123222351074219,33.440113055776315,0.04426253061650025
2025:11:25:10:41:08.1542,4.3666554679202,1.2393207550048828,33.36864058304787,0.04422850459731383
2025:11:25:10:41:08.1814,4.368628253675167,1.2665066719055176,33.40436225008476,0.044245515971467586
2025:11:25:10:41:08.2101,4.370601039431384,1.295184850692749,33.440113055776315,0.04426253061650025
2025:11:25:10:41:08.2367,4.363367491664695,1.321826457977295,33.309169178340895,0.04420015957567726
2025:11:25:10:41:08.2634,4.371587432309962,1.3485023975372314,33.45799939085972,0.044271039165596174
2025:11:25:10:41:08.2921,4.376190599080799,1.3772156238555908,33.54156539111611,0.04431075654011589
2025:11:25:10:41:08.3204,4.379478575349866,1.4054715633392334,33.601352722175136,0.04433913699627415
2025:11:25:10:41:08.3465,4.365011479792015,1.4315779209136963,33.338894773779586,0.04421433095077371
2025:11:25:10:41:08.3714,4.368957051301116,1.4565088748931885,33.41031869372935,0.04424835151849532
2025:11:25:10:41:08.3959,4.371258634683735,1.481010913848877,33.45203646916274,0.04426820289170646
2025:11:25:10:41:08.4184,4.369285848927102,1.5034973621368408,33.416275946858704,0.04425118715638083
2025:11:25:10:41:08.4434,4.365997872668823,1.5285601615905762,33.356739833060196,0.04422283486612456
2025:11:25:10:41:08.4656,4.36961464655312,1.550692081451416,33.4222340095504,0.04425402288512406
2025:11:25:10:41:08.4884,4.369943444179173,1.573509693145752,33.428192881882076,0.04425685870472503
2025:11:25:10:41:08.5469,4.377505789588008,1.6320345401763916,33.565470584853664,0.0443221076322862
2025:11:25:10:41:08.5942,4.368957051301116,1.6793644428253174,33.41031869372935,0.04424835151849532
2025:11:25:10:41:08.6163,4.377834587214896,1.7013752460479736,33.571448911856926,0.04432494563247316
2025:11:25:10:41:08.6402,4.373889015694528,1.7253670692443848,33.49976253006089,0.0442908956268412
2025:11:25:10:41:08.6645,4.374217813321033,1.7495737075805664,33.505731934782446,0.04429373262759291
2025:11:25:10:41:08.6867,4.37323142044162,1.77180814743042,33.48782615249026,0.044285221897911016
2025:11:25:10:41:08.7091,4.375204206200759,1.794262409210205,33.52364501362474,0.044302244174994516
2025:11:25:10:41:08.7333,4.371587432309962,1.8183884620666504,33.45799939085972,0.044271039165596174
2025:11:25:10:41:08.7618,4.371916229936224,1.8469252586364746,33.46396312266287,0.04427387553034367
2025:11:25:10:41:08.7885,4.376190599080799,1.8736004829406738,33.54156539111611,0.04431075654011589
2025:11:25:10:41:08.8130,4.374217813321033,1.8980944156646729,33.505731934782446,0.04429373262759291
2025:11:25:10:41:08.8353,4.371587432309962,1.92042875289917,33.45799939085972,0.044271039165596174
2025:11:25:10:41:08.8578,4.365011479792015,1.9429283142089844,33.338894773779586,0.04421433095077371
2025:11:25:10:41:08.9069,4.371258634683735,1.9920470714569092,33.45203646916274,0.04426820289170646
2025:11:25:10:41:08.9297,4.377505789588008,2.0148255825042725,33.565470584853664,0.0443221076322862
2025:11:25:10:41:08.9531,4.372902622815219,2.0382513999938965,33.481859179485745,0.044282385169732555
2025:11:25:10:41:08.9760,4.367970658423373,2.0611212253570557,33.392451790939134,0.044239845149985364
2025:11:25:10:41:08.9998,4.370601039431384,2.0848793983459473,33.440113055776315,0.04426253061650025
2025:11:25:10:41:09.0284,4.369943444179173,2.1135244369506836,33.428192881882076,0.04425685870472503
2025:11:25:10:41:09.0528,4.371587432309962,2.1378915309906006,33.45799939085972,0.044271039165596174
2025:11:25:10:41:09.0776,4.369943444179173,2.162698268890381,33.428192881882076,0.04425685870472503
2025:11:25:10:41:09.1047,4.375861801454084,2.1897971630096436,33.535591120861724,0.044307918994217675
2025:11:25:10:41:09.1301,4.380136170604099,2.2152488231658936,33.613319929562174,0.0443448141777988
2025:11:25:10:41:09.1544,4.383752944504878,2.239480972290039,33.67919765401183,0.04437604517251353
2025:11:25:10:41:09.1781,4.374546610947573,2.263209342956543,33.51170215023174,0.04429656971920235
2025:11:25:10:41:09.2040,4.37816338484182,2.2890877723693848,33.57742805044322,0.044327783723517845
2025:11:25:10:41:09.2266,4.375204206200759,2.311757802963257,33.52364501362474,0.044302244174994516
2025:11:25:10:41:09.2494,4.369943444179173,2.3345277309417725,33.428192881882076,0.04425685870472503
2025:11:25:10:41:09.2731,4.37816338484182,2.358208656311035,33.57742805044322,0.044327783723517845
2025:11:25:10:41:09.2956,4.377834587214896,2.380765676498413,33.571448911856926,0.04432494563247316
2025:11:25:10:41:09.3242,4.383095349249875,2.4093356132507324,33.66721257211142,0.04437036599211836
2025:11:25:10:41:09.3473,4.371587432309962,2.4324519634246826,33.45799939085972,0.044271039165596174
2025:11:25:10:41:09.3692,4.365997872668823,2.4542906284332275,33.356739833060196,0.04422283486612456
2025:11:25:10:41:09.3910,4.382766551622427,2.476091146469116,33.66122125044235,0.04436752653820741
2025:11:25:10:41:09.4138,4.379807372976965,2.4988853931427,33.607335919843734,0.0443419755416076
2025:11:25:10:41:09.4355,4.373560218068056,2.5206031799316406,33.49379393598939,0.04428805871694723
2025:11:25:10:41:09.4617,4.371258634683735,2.546780824661255,33.45203646916274,0.04426820289170646
2025:11:25:10:41:09.4865,4.373560218068056,2.5716257095336914,33.49379393598939,0.04428805871694723
2025:11:25:10:41:09.5113,4.386712123154122,2.596466302871704,33.73317077425927,0.04440160598175047
2025:11:25:10:41:09.5360,4.36961464655312,2.6211020946502686,33.4222340095504,0.04425402288512406
2025:11:25:10:41:09.5639,4.370601039431384,2.648980140686035,33.440113055776315,0.04426253061650025
2025:11:25:10:41:09.5916,4.376190599080799,2.6766862869262695,33.54156539111611,0.04431075654011589
2025:11:25:10:41:09.6182,4.371916229936224,2.703305244445801,33.46396312266287,0.04427387553034367
2025:11:25:10:41:09.6433,4.3807937658584715,2.728391408920288,33.625290385459884,0.04435049172275446
2025:11:25:10:41:09.6680,4.376848194334333,2.753092050552368,33.55351636528533,0.044316431904485545
2025:11:25:10:41:09.6914,4.370601039431384,2.7765254974365234,33.440113055776315,0.04426253061650025
2025:11:25:10:41:09.7197,4.379149777722802,2.804861545562744,33.595370336478574,0.04433629854179844
2025:11:25:10:41:09.7480,4.372573825188852,2.833132743835449,33.47589301689815,0.044279548532411846
2025:11:25:10:41:09.7785,4.380136170604099,2.8635964393615723,33.613319929562174,0.0443448141777988
2025:11:25:10:41:09.8052,4.383424146877359,2.890275716781616,33.67320470660863,0.044373205536887075
2025:11:25:10:41:09.8353,4.376190599080799,2.9203920364379883,33.54156539111611,0.04431075654011589
2025:11:25:10:41:09.8622,4.37849218246878,2.947343349456787,33.583408000690426,0.0443306219054203
2025:11:25:10:41:09.8878,4.379478575349866,2.9729154109954834,33.601352722175136,0.04433913699627415
2025:11:25:10:41:09.9140,4.371916229936224,2.9991328716278076,33.46396312266287,0.04427387553034367
2025:11:25:10:41:09.9400,4.382108956367635,3.0250961780548096,33.64924104527731,0.04436184790295875
2025:11:25:10:41:09.9656,4.381780158740292,3.0507421493530273,33.64325216162563,0.04435900872162106
2025:11:25:10:41:09.9915,4.3807937658584715,3.0766587257385254,33.625290385459884,0.04435049172275446
2025:11:25:10:41:10.0171,4.388027313665809,3.1022233963012695,33.75717998013233,0.044412968703712856
2025:11:25:10:41:10.0489,4.377834587214896,3.1339800357818604,33.571448911856926,0.04432494563247316
2025:11:25:10:41:10.0767,4.375204206200759,3.161824941635132,33.52364501362474,0.044302244174994516
2025:11:25:10:41:10.1077,4.3804649682312675,3.1928536891937256,33.619304751408286,0.044347652904847754
2025:11:25:10:41:10.1371,4.386712123154122,3.222259283065796,33.73317077425927,0.04440160598175047
2025:11:25:10:41:10.1649,4.375204206200759,3.249980926513672,33.52364501362474,0.044302244174994516
2025:11:25:10:41:10.1920,4.367641860797527,3.2771453857421875,33.38649777528272,0.044237009875530836
2025:11:25:10:41:10.2213,4.375533003827404,3.306382417678833,33.52961766172387,0.04430508153917723
2025:11:25:10:41:10.2497,4.374875408574149,3.3348605632781982,33.51767317648665,0.04429940690166958
2025:11:25:10:41:10.2916,4.373560218068056,3.376727819442749,33.49379393598939,0.04428805871694723
2025:11:25:10:41:10.3260,4.371258634683735,3.411097288131714,33.45203646916274,0.04426820289170646
2025:11:25:10:41:10.3575,4.368628253675167,3.4426357746124268,33.40436225008476,0.044245515971467586
2025:11:25:10:41:10.3847,4.374546610947573,3.4697728157043457,33.51170215023174,0.04429656971920235
2025:11:25:10:41:10.4100,4.372902622815219,3.4950900077819824,33.481859179485745,0.044282385169732555
2025:11:25:10:41:10.4359,4.371587432309962,3.5209977626800537,33.45799939085972,0.044271039165596174
2025:11:25:10:41:10.4607,4.382108956367635,3.5458054542541504,33.64924104527731,0.04436184790295875
2025:11:25:10:41:10.4859,4.363367491664695,3.5710394382476807,33.309169178340895,0.04420015957567726
2025:11:25:10:41:10.5111,4.371916229936224,3.596191167831421,33.46396312266287,0.04427387553034367
2025:11:25:10:41:10.5377,4.371587432309962,3.622845411300659,33.45799939085972,0.044271039165596174
2025:11:25:10:41:10.5652,4.377505789588008,3.650325059890747,33.565470584853664,0.0443221076322862
2025:11:25:10:41:10.5921,4.371916229936224,3.677171468734741,33.46396312266287,0.04427387553034367
2025:11:25:10:41:10.6200,4.37323142044162,3.7051632404327393,33.48782615249026,0.044285221897911016
2025:11:25:10:41:10.6458,4.368299456049253,3.730966091156006,33.3984066158472,0.04424268051529758
2025:11:25:10:41:10.6693,4.379478575349866,3.7544503211975098,33.601352722175136,0.04433913699627415
2025:11:25:10:41:10.6920,4.373560218068056,3.777101516723633,33.49379393598939,0.04428805871694723
2025:11:25:10:41:10.7158,4.370929837057542,3.8009285926818848,33.44607435749415,0.044265366708674474
2025:11:25:10:41:10.7370,4.370601039431384,3.822105884552002,33.440113055776315,0.04426253061650025
2025:11:25:10:41:10.7605,4.377834587214896,3.8455708026885986,33.571448911856926,0.04432494563247316
2025:11:25:10:41:10.7825,4.375204206200759,3.867614269256592,33.52364501362474,0.044302244174994516
2025:11:25:10:41:10.8066,4.372245027562521,3.891756057739258,33.46992766464977,0.04427671198594888
2025:11:25:10:41:10.8314,4.375861801454084,3.9164741039276123,33.535591120861724,0.044307918994217675
2025:11:25:10:41:10.8569,4.381451361112983,3.942028284072876,33.63726409049072,0.04435616963114111
2025:11:25:10:41:10.8848,4.374217813321033,3.9699654579162598,33.505731934782446,0.04429373262759291
2025:11:25:10:41:10.9072,4.375533003827404,3.992274045944214,33.52961766172387,0.04430508153917723
2025:11:25:10:41:10.9331,4.375204206200759,4.018245458602905,33.52364501362474,0.044302244174994516
2025:11:25:10:41:10.9596,4.376848194334333,4.0447096824646,33.55351636528533,0.044316431904485545
2025:11:25:10:41:10.9872,4.38112256348571,4.072342157363892,33.63127683179474,0.04435333063151891
2025:11:25:10:41:11.0145,4.376519396707549,4.099595069885254,33.54754047256472,0.04431359417687184
2025:11:25:10:41:11.0446,4.387040920781991,4.129714012145996,33.73917185500552,0.044404446525954426
2025:11:25:10:41:11.0769,4.377176991961153,4.161976099014282,33.55949306935573,0.044319269722957
2025:11:25:10:41:11.1058,4.374546610947573,4.190890312194824,33.51170215023174,0.04429656971920235
2025:11:25:10:41:11.1328,4.379149777722802,4.217933416366577,33.595370336478574,0.04433629854179844
2025:11:25:10:41:11.1605,4.371587432309962,4.245596408843994,33.45799939085972,0.044271039165596174
2025:11:25:10:41:11.1897,4.3850681350153025,4.274784564971924,33.703177574241984,0.04438740462359688
2025:11:25:10:41:11.2188,4.371258634683735,4.303963899612427,33.45203646916274,0.04426820289170646
2025:11:25:10:41:11.2482,4.3807937658584715,4.3333046436309814,33.625290385459884,0.04435049172275446
2025:11:25:10:41:11.2772,4.377176991961153,4.36228084564209,33.55949306935573,0.044319269722957
2025:11:25:10:41:11.3106,4.375861801454084,4.395766973495483,33.535591120861724,0.044307918994217675
2025:11:25:10:41:11.3404,4.386383325526288,4.425496578216553,33.72717050719774,0.04439876552840423
2025:11:25:10:41:11.3704,4.370929837057542,4.455554485321045,33.44607435749415,0.044265366708674474
2025:11:25:10:41:11.4016,4.377176991961153,4.486710786819458,33.55949306935573,0.044319269722957
2025:11:25:10:41:11.4341,4.377176991961153,4.519213914871216,33.55949306935573,0.044319269722957
2025:11:25:10:41:11.4662,4.376848194334333,4.551361322402954,33.55351636528533,0.044316431904485545
2025:11:25:10:41:11.4961,4.376190599080799,4.581239938735962,33.54156539111611,0.04431075654011589
2025:11:25:10:41:11.5269,4.37849218246878,4.612034320831299,33.583408000690426,0.0443306219054203
2025:11:25:10:41:11.5590,4.373560218068056,4.644166707992554,33.49379393598939,0.04428805871694723
2025:11:25:10:41:11.5901,4.373560218068056,4.675198078155518,33.49379393598939,0.04428805871694723
2025:11:25:10:41:11.6195,4.382108956367635,4.704659700393677,33.64924104527731,0.04436184790295875
2025:11:25:10:41:11.6499,4.377834587214896,4.735032081604004,33.571448911856926,0.04432494563247316
2025:11:25:10:41:11.6815,4.373560218068056,4.766618251800537,33.49379393598939,0.04428805871694723
2025:11:25:10:41:11.7128,4.376519396707549,4.79789400100708,33.54754047256472,0.04431359417687184
2025:11:25:10:41:11.7441,4.3824377539950135,4.829244136810303,33.655230741523596,0.044364687175154204
2025:11:25:10:41:11.7754,4.3666554679202,4.860475778579712,33.36864058304787,0.04422850459731383
2025:11:25:10:41:11.8049,4.379807372976965,4.890058755874634,33.607335919843734,0.0443419755416076
2025:11:25:10:41:11.8357,4.367313063171718,4.920860290527344,33.380544568800495,0.044234174691934094
2025:11:25:10:41:11.8669,4.3804649682312675,4.952044486999512,33.619304751408286,0.044347652904847754
2025:11:25:10:41:11.9013,4.382108956367635,4.98640513420105,33.64924104527731,0.04436184790295875
2025:11:25:10:41:11.9325,4.375533003827404,5.017652988433838,33.52961766172387,0.04430508153917723
2025:11:25:10:41:11.9656,4.372573825188852,5.05068302154541,33.47589301689815,0.044279548532411846
2025:11:25:10:41:11.9957,4.370601039431384,5.080833196640015,33.440113055776315,0.04426253061650025
2025:11:25:10:41:12.0265,4.377176991961153,5.111659526824951,33.55949306935573,0.044319269722957
2025:11:25:10:41:12.0589,4.374217813321033,5.144042015075684,33.505731934782446,0.04429373262759291
2025:11:25:10:41:12.0902,4.379478575349866,5.175332546234131,33.601352722175136,0.04433913699627415
2025:11:25:10:41:12.1211,4.373889015694528,5.2062671184539795,33.49976253006089,0.0442908956268412
2025:11:25:10:41:12.1502,4.368957051301116,5.235288143157959,33.41031869372935,0.04424835151849532
2025:11:25:10:41:12.1837,4.3807937658584715,5.268817186355591,33.625290385459884,0.04435049172275446
2025:11:25:10:41:12.2126,4.370601039431384,5.297735214233398,33.440113055776315,0.04426253061650025
2025:11:25:10:41:12.2436,4.37816338484182,5.3287513256073,33.57742805044322,0.044327783723517845
2025:11:25:10:41:12.2761,4.375533003827404,5.3611767292022705,33.52961766172387,0.04430508153917723
2025:11:25:10:41:12.3067,4.370272241805261,5.391774892807007,33.43415256393155,0.04425969461518378
2025:11:25:10:41:12.3393,4.368628253675167,5.424392938613892,33.40436225008476,0.044245515971467586
2025:11:25:10:41:12.3700,4.371916229936224,5.455089807510376,33.46396312266287,0.04427387553034367
2025:11:25:10:41:12.4005,4.379149777722802,5.4855921268463135,33.595370336478574,0.04433629854179844
2025:11:25:10:41:12.4307,4.364682682166482,5.515851259231567,33.3329480378959,0.04421149649403894
2025:11:25:10:41:12.4619,4.367641860797527,5.546984910964966,33.38649777528272,0.044237009875530836
2025:11:25:10:41:12.4950,4.376519396707549,5.580160617828369,33.54754047256472,0.04431359417687184
2025:11:25:10:41:12.5285,4.372573825188852,5.613579273223877,33.47589301689815,0.044279548532411846
2025:11:25:10:41:12.5607,4.381451361112983,5.645844459533691,33.63726409049072,0.04435616963114111
2025:11:25:10:41:12.5870,4.368299456049253,5.672088861465454,33.3984066158472,0.04424268051529758
2025:11:25:10:41:12.6169,4.375533003827404,5.70199728012085,33.52961766172387,0.04430508153917723
2025:11:25:10:41:12.6458,4.367970658423373,5.73091197013855,33.392451790939134,0.044239845149985364
2025:11:25:10:41:12.6758,4.377176991961153,5.760940790176392,33.55949306935573,0.044319269722957
2025:11:25:10:41:12.7059,4.366984265545941,5.790976524353027,33.37459217141473,0.044231339599195084
2025:11:25:10:41:12.7372,4.369943444179173,5.822275400161743,33.428192881882076,0.04425685870472503
2025:11:25:10:41:12.7694,4.377505789588008,5.854484796524048,33.565470584853664,0.0443221076322862
2025:11:25:10:41:12.8010,4.371587432309962,5.886118650436401,33.45799939085972,0.044271039165596174
2025:11:25:10:41:12.8323,4.370272241805261,5.917379379272461,33.43415256393155,0.04425969461518378
2025:11:25:10:41:12.8631,4.374875408574149,5.948225021362305,33.51767317648665,0.04429940690166958
2025:11:25:10:41:12.8894,4.370601039431384,5.974566459655762,33.440113055776315,0.04426253061650025
2025:11:25:10:41:12.9201,4.374546610947573,6.005252838134766,33.51170215023174,0.04429656971920235
2025:11:25:10:41:12.9509,4.373889015694528,6.036064624786377,33.49976253006089,0.0442908956268412
2025:11:25:10:41:12.9824,4.382108956367635,6.067530632019043,33.64924104527731,0.04436184790295875
2025:11:25:10:41:13.0136,4.37816338484182,6.0987653732299805,33.57742805044322,0.044327783723517845
2025:11:25:10:41:13.0452,4.379807372976965,6.130324363708496,33.607335919843734,0.0443419755416076
2025:11:25:10:41:13.0767,4.371916229936224,6.161815643310547,33.46396312266287,0.04427387553034367
2025:11:25:10:41:13.1072,4.370929837057542,6.1923418045043945,33.44607435749415,0.044265366708674474
2025:11:25:10:41:13.1380,4.369943444179173,6.223117828369141,33.428192881882076,0.04425685870472503
2025:11:25:10:41:13.1690,4.37323142044162,6.254128694534302,33.48782615249026,0.044285221897911016
2025:11:25:10:41:13.2036,4.377176991961153,6.288737773895264,33.55949306935573,0.044319269722957
2025:11:25:10:41:13.2362,4.371916229936224,6.321334362030029,33.46396312266287,0.04427387553034367
2025:11:25:10:41:13.2676,4.375204206200759,6.352768659591675,33.52364501362474,0.044302244174994516
2025:11:25:10:41:13.2982,4.377834587214896,6.383301734924316,33.571448911856926,0.04432494563247316
2025:11:25:10:41:13.3275,4.373560218068056,6.412596225738525,33.49379393598939,0.04428805871694723
2025:11:25:10:41:13.3587,4.371916229936224,6.443816900253296,33.46396312266287,0.04427387553034367
2025:11:25:10:41:13.3904,4.37849218246878,6.475484848022461,33.583408000690426,0.0443306219054203
2025:11:25:10:41:13.4217,4.379149777722802,6.506773233413696,33.595370336478574,0.04433629854179844
2025:11:25:10:41:13.4555,4.376848194334333,6.54059362411499,33.55351636528533,0.044316431904485545
2025:11:25:10:41:13.4855,4.377176991961153,6.57066535949707,33.55949306935573,0.044319269722957
2025:11:25:10:41:13.5154,4.372573825188852,6.600505590438843,33.47589301689815,0.044279548532411846
2025:11:25:10:41:13.5468,4.374217813321033,6.631895542144775,33.505731934782446,0.04429373262759291
2025:11:25:10:41:13.5796,4.377176991961153,6.664690017700195,33.55949306935573,0.044319269722957
2025:11:25:10:41:13.6120,4.3804649682312675,6.697105646133423,33.619304751408286,0.044347652904847754
2025:11:25:10:41:13.6439,4.375204206200759,6.7290332317352295,33.52364501362474,0.044302244174994516
2025:11:25:10:41:13.6750,4.376848194334333,6.760143041610718,33.55351636528533,0.044316431904485545
2025:11:25:10:41:13.7082,4.367641860797527,6.793351411819458,33.38649777528272,0.044237009875530836
2025:11:25:10:41:13.7411,4.381780158740292,6.826195001602173,33.64325216162563,0.04435900872162106
2025:11:25:10:41:13.7737,4.371587432309962,6.858863592147827,33.45799939085972,0.044271039165596174
2025:11:25:10:41:13.8046,4.376519396707549,6.889734745025635,33.54754047256472,0.04431359417687184
2025:11:25:10:41:13.8364,4.375204206200759,6.921493768692017,33.52364501362474,0.044302244174994516
2025:11:25:10:41:13.8669,4.377834587214896,6.9520628452301025,33.571448911856926,0.04432494563247316
2025:11:25:10:41:13.8974,4.372573825188852,6.982487916946411,33.47589301689815,0.044279548532411846
2025:11:25:10:41:13.9289,4.3850681350153025,7.01403284072876,33.703177574241984,0.04438740462359688
2025:11:25:10:41:13.9608,4.3807937658584715,7.045963287353516,33.625290385459884,0.04435049172275446
2025:11:25:10:41:13.9933,4.377176991961153,7.078413248062134,33.55949306935573,0.044319269722957
2025:11:25:10:41:14.0269,4.380136170604099,7.112053871154785,33.613319929562174,0.0443448141777988
2025:11:25:10:41:14.0602,4.371587432309962,7.145311117172241,33.45799939085972,0.044271039165596174
2025:11:25:10:41:14.0925,4.373889015694528,7.177664041519165,33.49976253006089,0.0442908956268412
2025:11:25:10:41:14.1227,4.376190599080799,7.207852363586426,33.54156539111611,0.04431075654011589
2025:11:25:10:41:14.1541,4.372902622815219,7.239189863204956,33.481859179485745,0.044282385169732555
2025:11:25:10:41:14.1832,4.370272241805261,7.268354892730713,33.43415256393155,0.04425969461518378
2025:11:25:10:41:14.2143,4.375533003827404,7.299423694610596,33.52961766172387,0.04430508153917723
2025:11:25:10:41:14.2444,4.371258634683735,7.329512119293213,33.45203646916274,0.04426820289170646
2025:11:25:10:41:14.2759,4.373560218068056,7.361037015914917,33.49379393598939,0.04428805871694723
2025:11:25:10:41:14.3083,4.376519396707549,7.393396854400635,33.54754047256472,0.04431359417687184
2025:11:25:10:41:14.3376,4.370929837057542,7.422745943069458,33.44607435749415,0.044265366708674474
2025:11:25:10:41:14.3682,4.374217813321033,7.453359603881836,33.505731934782446,0.04429373262759291
2025:11:25:10:41:14.3990,4.3666554679202,7.484111547470093,33.36864058304787,0.04422850459731383
2025:11:25:10:41:14.4313,4.371587432309962,7.516380548477173,33.45799939085972,0.044271039165596174
2025:11:25:10:41:14.4629,4.374875408574149,7.547995328903198,33.51767317648665,0.04429940690166958
2025:11:25:10:41:14.4938,4.371258634683735,7.5789525508880615,33.45203646916274,0.04426820289170646
2025:11:25:10:41:14.5310,4.371258634683735,7.616168022155762,33.45203646916274,0.04426820289170646
2025:11:25:10:41:14.5619,4.365997872668823,7.6470489501953125,33.356739833060196,0.04422283486612456
2025:11:25:10:41:14.5932,4.370929837057542,7.678292751312256,33.44607435749415,0.044265366708674474
2025:11:25:10:41:14.6295,4.373889015694528,7.714580535888672,33.49976253006089,0.0442908956268412
2025:11:25:10:41:14.6596,4.377176991961153,7.744716644287109,33.55949306935573,0.044319269722957
2025:11:25:10:41:14.6939,4.369943444179173,7.7790117263793945,33.428192881882076,0.04425685870472503
2025:11:25:10:41:14.7245,4.372245027562521,7.809614419937134,33.46992766464977,0.04427671198594888
2025:11:25:10:41:14.7548,4.3850681350153025,7.839876413345337,33.703177574241984,0.04438740462359688
2025:11:25:10:41:14.7859,4.367970658423373,7.871011734008789,33.392451790939134,0.044239845149985364
2025:11:25:10:41:14.8180,4.374875408574149,7.903082609176636,33.51767317648665,0.04429940690166958
2025:11:25:10:41:14.8497,4.373560218068056,7.9348649978637695,33.49379393598939,0.04428805871694723
2025:11:25:10:41:14.8820,4.374875408574149,7.9671103954315186,33.51767317648665,0.04429940690166958
2025:11:25:10:41:14.9112,4.372573825188852,7.996367931365967,33.47589301689815,0.044279548532411846
2025:11:25:10:41:14.9387,4.374875408574149,8.023835897445679,33.51767317648665,0.04429940690166958
2025:11:25:10:41:14.9642,4.379807372976965,8.049279928207397,33.607335919843734,0.0443419755416076
2025:11:25:10:41:14.9916,4.376190599080799,8.076684474945068,33.54156539111611,0.04431075654011589
2025:11:25:10:41:15.0214,4.372902622815219,8.106498003005981,33.481859179485745,0.044282385169732555
2025:11:25:10:41:15.0521,4.374546610947573,8.137203454971313,33.51170215023174,0.04429656971920235
2025:11:25:10:41:15.0862,4.364682682166482,8.171362400054932,33.3329480378959,0.04421149649403894
2025:11:25:10:41:15.1166,4.376190599080799,8.20176911354065,33.54156539111611,0.04431075654011589
2025:11:25:10:41:15.1479,4.381780158740292,8.233038902282715,33.64325216162563,0.04435900872162106
2025:11:25:10:41:15.1799,4.375204206200759,8.265060424804688,33.52364501362474,0.044302244174994516
2025:11:25:10:41:15.2173,4.365997872668823,8.30239725112915,33.356739833060196,0.04422283486612456
2025:11:25:10:41:15.2501,4.3594219201626565,8.335188150405884,33.23791016368203,0.04416615754293584
2025:11:25:10:41:15.2811,4.365011479792015,8.366188526153564,33.338894773779586,0.04421433095077371
2025:11:25:10:41:15.3101,4.368628253675167,8.395252704620361,33.40436225008476,0.044245515971467586
2025:11:25:10:41:15.3403,4.369285848927102,8.42543339729309,33.416275946858704,0.04425118715638083
2025:11:25:10:41:15.3720,4.365669075043185,8.457161664962769,33.3507906712841,0.04422000013681651
2025:11:25:10:41:15.4031,4.366326670294494,8.488250732421875,33.362689803622175,0.0442256696862903
2025:11:25:10:41:15.4333,4.376848194334333,8.51846957206726,33.55351636528533,0.044316431904485545
2025:11:25:10:41:15.4659,4.3666554679202,8.550976037979126,33.36864058304787,0.04422850459731383
2025:11:25:10:41:15.4987,4.372245027562521,8.583812475204468,33.46992766464977,0.04427671198594888
2025:11:25:10:41:15.5308,4.365340277417583,8.61591625213623,33.34484231821648,0.04421716549836625
2025:11:25:10:41:15.5623,4.366984265545941,8.647467613220215,33.37459217141473,0.044231339599195084
2025:11:25:10:41:15.5931,4.377176991961153,8.678201913833618,33.55949306935573,0.044319269722957
2025:11:25:10:41:15.6251,4.368299456049253,8.71018385887146,33.3984066158472,0.04424268051529758
2025:11:25:10:41:15.6556,4.374217813321033,8.740731239318848,33.505731934782446,0.04429373262759291
2025:11:25:10:41:15.6888,4.372902622815219,8.773870944976807,33.481859179485745,0.044282385169732555
2025:11:25:10:41:15.7206,4.372245027562521,8.805754899978638,33.46992766464977,0.04427671198594888
2025:11:25:10:41:15.7553,4.376519396707549,8.840382814407349,33.54754047256472,0.04431359417687184
2025:11:25:10:41:15.7828,4.371916229936224,8.867933511734009,33.46396312266287,0.04427387553034367
2025:11:25:10:41:15.8088,4.3807937658584715,8.89388632774353,33.625290385459884,0.04435049172275446
2025:11:25:10:41:15.8355,4.374546610947573,8.920574426651001,33.51170215023174,0.04429656971920235
2025:11:25:10:41:15.8629,4.369285848927102,8.948023796081543,33.416275946858704,0.04425118715638083
2025:11:25:10:41:15.8894,4.373889015694528,8.974493265151978,33.49976253006089,0.0442908956268412
2025:11:25:10:41:15.9175,4.366984265545941,9.002617359161377,33.37459217141473,0.044231339599195084
2025:11:25:10:41:15.9461,4.365669075043185,9.03126311302185,33.3507906712841,0.04422000013681651
2025:11:25:10:41:15.9776,4.379149777722802,9.062731981277466,33.595370336478574,0.04433629854179844
2025:11:25:10:41:16.0088,4.370601039431384,9.09395432472229,33.440113055776315,0.04426253061650025
2025:11:25:10:41:16.0423,4.376519396707549,9.127403259277344,33.54754047256472,0.04431359417687184
2025:11:25:10:41:16.0723,4.375204206200759,9.157404661178589,33.52364501362474,0.044302244174994516
2025:11:25:10:41:16.1037,4.385725730270725,9.188791275024414,33.71517241381759,0.04439308489428504
2025:11:25:10:41:16.1377,4.369285848927102,9.222800254821777,33.416275946858704,0.04425118715638083
2025:11:25:10:41:16.1679,4.375533003827404,9.253037691116333,33.52961766172387,0.04430508153917723
2025:11:25:10:41:16.1983,4.374217813321033,9.28339171409607,33.505731934782446,0.04429373262759291
2025:11:25:10:41:16.2280,4.370272241805261,9.3131263256073,33.43415256393155,0.04425969461518378
2025:11:25:10:41:16.2610,4.380136170604099,9.346096754074097,33.613319929562174,0.0443448141777988
2025:11:25:10:41:16.2943,4.372902622815219,9.379375457763672,33.481859179485745,0.044282385169732555
2025:11:25:10:41:16.3242,4.367313063171718,9.409321069717407,33.380544568800495,0.044234174691934094
2025:11:25:10:41:16.3571,4.376848194334333,9.442257404327393,33.55351636528533,0.044316431904485545
2025:11:25:10:41:16.3876,4.379149777722802,9.472755432128906,33.595370336478574,0.04433629854179844
2025:11:25:10:41:16.4189,4.3807937658584715,9.504028558731079,33.625290385459884,0.04435049172275446
2025:11:25:10:41:16.4472,4.376848194334333,9.532341718673706,33.55351636528533,0.044316431904485545
2025:11:25:10:41:16.4782,4.37323142044162,9.563306331634521,33.48782615249026,0.044285221897911016
2025:11:25:10:41:16.5109,4.368957051301116,9.59606385231018,33.41031869372935,0.04424835151849532
2025:11:25:10:41:16.5420,4.369285848927102,9.627125024795532,33.416275946858704,0.04425118715638083
2025:11:25:10:41:16.5732,4.373889015694528,9.658291339874268,33.49976253006089,0.0442908956268412
2025:11:25:10:41:16.6037,4.37816338484182,9.688791513442993,33.57742805044322,0.044327783723517845
2025:11:25:10:41:16.6343,4.371587432309962,9.719374895095825,33.45799939085972,0.044271039165596174
2025:11:25:10:41:16.6647,4.367641860797527,9.749795198440552,33.38649777528272,0.044237009875530836
2025:11:25:10:41:16.6973,4.371258634683735,9.78242015838623,33.45203646916274,0.04426820289170646
2025:11:25:10:41:16.7311,4.365669075043185,9.81623888015747,33.3507906712841,0.04422000013681651
2025:11:25:10:41:16.7647,4.377834587214896,9.849802494049072,33.571448911856926,0.04432494563247316
2025:11:25:10:41:16.7951,4.37323142044162,9.880220651626587,33.48782615249026,0.044285221897911016
2025:11:25:10:41:16.8267,4.37816338484182,9.911848068237305,33.57742805044322,0.044327783723517845
2025:11:25:10:41:16.8583,4.383095349249875,9.943409442901611,33.66721257211142,0.04437036599211836
2025:11:25:10:41:16.8912,4.363367491664695,9.97636604309082,33.309169178340895,0.04420015957567726
2025:11:25:10:41:16.9218,4.371587432309962,10.006924152374268,33.45799939085972,0.044271039165596174
